<porta-delegata name="@cod_fruitore@.goodbye">
  <services>
  
<service name="goodbye" public-interface-class="it.csi.hello.hello.interfacecsi.goodbye.GoodbyeSrv" top-version="0.0.1">
      <operations>
		<operation name="sayGoodbye" type="synch-call" since="">
          <param-list>
			<param name="nome" type="java.lang.String" />
			<param name="cognome" type="java.lang.String" />
          </param-list>
          	<ret-val type="java.lang.String"/>
        </operation>
      </operations>
    </service>
  </services>
  <config>
    <url-pa>**not used**</url-pa>
    <pluggable-pd-list chooser-class="it.csi.csi.porte.FixedDelegateChooser">
      <pluggable-pd
        name="goodbye"
        class="it.csi.csi.porte.ejb20.PortaDelegataEJB"
        url-pa="hello.ejb.ApplGoodbyePA"
        url-qm="">
        <properties>
        </properties>
      </pluggable-pd>
    </pluggable-pd-list>
    <queue-manager url=""/>
  </config>
</porta-delegata>
