<porta-applicativa name="hello.HelloPA"
	public-interface-class="it.csi.hello.hello.interfacecsi.hello.HelloSrv">

	<listener class="it.csi.csi.porte.ejb20.PortaApplicativaEJB" listening-url="**NOT USED IN THIS BINDING TYPE**" />

	<adapter class="it.csi.csi.wrapper.StatelessEJBAdapter">
		<properties>
			<!--<property name="jndi-name"
				value="hello.ejb.HelloSrv" />-->
			<property name="jndi-name"
				value="java:comp/env/HelloBean" />				
			<property name="home-class"
				value="it.csi.hello.hello.business.hello.HelloLocalHome" />
			<property name="local-class"
				value="it.csi.hello.hello.business.hello.HelloLocal" />
		</properties>
	</adapter>
	<options>
    	<pre-function-handler-list>
    	
		</pre-function-handler-list>
		<post-function-handler-list>
		
		</post-function-handler-list>
	</options>
</porta-applicativa>
