<?xml version="1.0" encoding="UTF-8"?>
<!DOCTYPE ejb-jar PUBLIC "-//Sun Microsystems, Inc.//DTD Enterprise JavaBeans 2.0//EN" "http://java.sun.com/dtd/ejb-jar_2_0.dtd">
<ejb-jar>

	<enterprise-beans>
	    <!-- 
			===================================================================
			Implementazione del servizio
			===================================================================
		-->
		<session>
			<ejb-name>HelloBean</ejb-name>
			<!--<home>it.csi.hello.hello.business.hello.HelloHome</home>
			<remote>it.csi.hello.hello.business.hello.HelloRemote</remote>-->
			<local-home>it.csi.hello.hello.business.hello.HelloLocalHome</local-home>
			<local>it.csi.hello.hello.business.hello.HelloLocal</local>
			<ejb-class>it.csi.hello.hello.business.hello.HelloBean</ejb-class>
			<session-type>Stateless</session-type>
			<transaction-type>Container</transaction-type>				
		</session>				
		
		<!-- 
			===================================================================
			Porta applicativa del servizio
			===================================================================
		-->
		<session>
			<ejb-name>HelloPA</ejb-name>
			<home>it.csi.csi.porte.ejb20.PortaApplicativaHome</home>
			<remote>it.csi.csi.porte.ejb20.PortaApplicativaEJB</remote>
			<ejb-class>
				it.csi.csi.porte.ejb20.PortaApplicativaBean
			</ejb-class>
			<session-type>Stateless</session-type>
			<transaction-type>Container</transaction-type>
			<env-entry>
				<env-entry-name>defpa</env-entry-name>
				<env-entry-type>java.lang.String</env-entry-type>
				<env-entry-value>/defpa_hello.xml</env-entry-value>
			</env-entry>
			<ejb-local-ref>
				<description>reference all bean che implementa il servizio</description>
				<ejb-ref-name>HelloBean</ejb-ref-name>
				<ejb-ref-type>Session</ejb-ref-type>
				<local-home>it.csi.hello.hello.business.hello.HelloLocalHome</local-home>
				<local>it.csi.hello.hello.business.hello.HelloLocal</local>
				<ejb-link>HelloBean</ejb-link>
			</ejb-local-ref>
		</session>
		
		
		
	</enterprise-beans>
	
	<assembly-descriptor>
		<!-- ruoli di sicurezza -->
		
		
		<!-- transazioni -->
		
			
		<container-transaction>
		
		
		
			<method>
				<ejb-name>HelloBean</ejb-name>
				<method-name>sayHello</method-name>
			</method>
		
		<trans-attribute>NotSupported</trans-attribute>
		</container-transaction>
						
		
				
		
						
		
		
		<container-transaction>
			<method>
				<ejb-name>HelloPA</ejb-name>
				<method-name>*</method-name>
			</method>
			<trans-attribute>NotSupported</trans-attribute>
		</container-transaction>
	</assembly-descriptor>
	
</ejb-jar>
