<?xml version="1.0" encoding="UTF-8"?>
<beans xmlns="http://www.springframework.org/schema/beans" xmlns:xsi="http://www.w3.org/2001/XMLSchema-instance"
	   xsi:schemaLocation="http://www.springframework.org/schema/beans http://www.springframework.org/schema/beans/spring-beans-2.0.xsd
       					   http://www.springframework.org/schema/tx http://www.springframework.org/schema/tx/spring-tx-2.0.xsd"> 
       					   

	<!--PROTECTED REGION ID(R-1080153107) ENABLED START-->
		<!-- Insert here your custom Spring Beans -->
	<bean id="customBean" class="it.csi.hello.hello.business.hello.custom.CustomBean">
		<property name="helloDao"> <ref bean="helloDao"/></property>
	</bean>					
	<!--PROTECTED REGION END-->
	
	
	
	<bean id="helloImpl" class="it.csi.hello.hello.business.hello.HelloImpl">			
	<!--PROTECTED REGION ID(R509602176) ENABLED START-->
			<!-- Insert here hello bean properties (Dao, customBeans, etc...) -->
	
		<property name="helloDao"> <ref bean="helloDao"/></property>
		<property name="customBean"> <ref bean="customBean"/></property>
	
	<!--PROTECTED REGION END-->
	</bean>
	
	
</beans>
