<?xml version="1.0" encoding="UTF-8"?>
<beans xmlns="http://www.springframework.org/schema/beans"
	xmlns:xsi="http://www.w3.org/2001/XMLSchema-instance" xmlns:aop="http://www.springframework.org/schema/aop"
	xmlns:tx="http://www.springframework.org/schema/tx"
	xsi:schemaLocation="
       http://www.springframework.org/schema/beans http://www.springframework.org/schema/beans/spring-beans-2.0.xsd
       http://www.springframework.org/schema/tx http://www.springframework.org/schema/tx/spring-tx-2.0.xsd
       http://www.springframework.org/schema/aop http://www.springframework.org/schema/aop/spring-aop-2.0.xsd">
<!-- Generated By datagen-1.1.0.014 -->
<!--PROTECTED REGION ID(R-1434493192) ENABLED START-->
	<!-- 
		Esempio di configurazione di datasource, transaction manager, incrementer e dao 
	-->
	
  <!-- definizione locale di datasource per ORACLE (non usare in un application server!) -->
  <!--INSERIRE QUI LE PROPERTY DI CONNESSIONE  oppure..... -->
  <bean id="myDataSource" class="org.apache.commons.dbcp.BasicDataSource" destroy-method="close">
    <property name="driverClassName" value="oracle.jdbc.driver.OracleDriver" />
      <property name="url" value="jdbc:oracle:thin:[XXX]:[XXX]:[XXX]" />   
    <property name="username" value="[USERNAME]" />
    <property name="password" value="[PASSWORD]" />
  </bean>

 <!--DECOMMENTARE QUESTO BEAN E CONFIGURARE IL DATASOURCE VIA JNDI -->
  
<!--   <bean id="myDataSource" class="org.springframework.jndi.JndiObjectFactoryBean"> -->
<!-- 		<property name="jndiName" value="siceeweb/jdbc/SiceeDS" /> -->
<!-- 		<property name="proxyInterface" value="javax.sql.DataSource" /> -->
<!-- 	</bean> -->
  
<!--   <tx:annotation-driven transaction-manager="txManager" proxy-target-class="true" /> -->
  
  <!--
		transaction manager bea <bean id="txManager"
		class="org.springframework.transaction.jta.WebLogicJtaTransactionManager"
		/>
	-->
	<!-- jboss -->
		
<!-- 	<bean id="txManager" class="org.springframework.transaction.jta.JtaTransactionManager"> -->
<!--   	</bean> -->

<!--PROTECTED REGION END-->
	
		<bean id="namedJdbcTemplate" class="it.csi.hello.hello.business.dao.util.NamedParameterJdbcTemplateWithQueryDebug">
			<constructor-arg ref="myDataSource" />
		</bean>
	
		
	
  	
	<bean id="helloDao" class="it.csi.hello.hello.business.dao.hello.dao.impl.HelloDaoImpl">
    	<property name="jdbcTemplate" ref="namedJdbcTemplate" />
  	</bean>
  	
    	
  
</beans>

