<?xml version="1.0" encoding="UTF-8"?>
<!DOCTYPE jboss PUBLIC "-//JBoss//DTD JBOSS 4.0//EN" "http://www.jboss.org/j2ee/dtd/jboss_4_0.dtd">

<jboss>
	@@@@CLUSTER_AWARE@@@@

    
   	<enterprise-beans>

    <!--  
		~~~~~~~~~~~~~~~~~~~~~~~~~~~~~~~~~~~~~~~~~~~~~~~~~~~~~~~~~~~~~~~~~~~~~~~
		EJB che implementa il servizio
		~~~~~~~~~~~~~~~~~~~~~~~~~~~~~~~~~~~~~~~~~~~~~~~~~~~~~~~~~~~~~~~~~~~~~~~
	-->
    <session>
        <ejb-name>HelloBean</ejb-name>
        <jndi-name>hello.ejb.HelloSrv</jndi-name>
    </session>

	<!--  
		~~~~~~~~~~~~~~~~~~~~~~~~~~~~~~~~~~~~~~~~~~~~~~~~~~~~~~~~~~~~~~~~~~~~~~~
		Porta applicativa del servizio
		~~~~~~~~~~~~~~~~~~~~~~~~~~~~~~~~~~~~~~~~~~~~~~~~~~~~~~~~~~~~~~~~~~~~~~~
	-->
    <session>
        <ejb-name>HelloPA</ejb-name>
        <jndi-name>hello.ejb.ApplHelloPA</jndi-name>
    </session>

    
    
    
   </enterprise-beans>

     <!--
       To specify your own assembly descriptor info here, add a file to your
       XDoclet merge directory called jboss-assembly-descriptor.xml that contains
       the <assembly-descriptor></assembly-descriptor> markup.
     -->
   <assembly-descriptor>
    <!-- message destinations -->
     <!--
       To specify additional message-destination elements, add a file in the merge
       directory called jboss-message-destinations.ent that contains them.
     -->
   </assembly-descriptor>

   <resource-managers>
   </resource-managers>

  <!--
    | for container settings, you can merge in jboss-container.xml
    | this can contain <invoker-proxy-bindings/> and <container-configurations/>
  -->

</jboss>
